Gene,Sample1,Sample2,Sample3,Sample4,Sample5,Sample6,Sample7,Sample8
Gene1,0.09090909090909093,0.10891089108910891,0.06796116504854369,0.09803921568627452,0.4117647058823529,0.3939393939393939,0.4057971014492754,0.37681159420289856
Gene2,0.04040404040404041,0.0495049504950495,0.019417475728155338,0.0392156862745098,0.0,0.0,0.0,0.0
Gene3,0.010101010101010102,0.0198019801980198,0.009708737864077669,0.00980392156862745,0.338235294117647,0.3787878787878788,0.30434782608695654,0.34782608695652173
Gene4,0.494949494949495,0.4653465346534653,0.4854368932038835,0.49019607843137253,0.9999999999999999,1.0,1.0,0.9999999999999999
Gene5,0.1414141414141414,0.12871287128712872,0.13592233009708737,0.12745098039215688,0.04411764705882353,0.045454545454545456,0.028985507246376815,0.07246376811594203
Gene6,1.0,1.0,1.0,1.0,0.338235294117647,0.34848484848484845,0.28985507246376807,0.3188405797101449
Gene7,0.0,0.0,0.0,0.0,0.4117647058823529,0.4393939393939394,0.4057971014492754,0.3913043478260869
